{
  "final_test_acc": 0.09375,
  "final_train_acc": 0.16666666666666666,
  "best_test_acc": 0.30000001192092896,
  "final_adv_acc": 0.14583333333333334
}